{"total_posts": 258, "top_influencers": [["India", 0.3948497854077253], ["india", 0.15879828326180256], ["AntiIndia", 0.13304721030042918], ["BoycottIndia", 0.11587982832618025], ["FreeKashmir", 0.1072961373390558]], "coordinated_campaigns": 168, "recommendations": "Monitor top influencers; investigate coordinated posts."}